Año,Trimestre,Provincia,Accesos por cada 100 hogares,Crecimiento Trimestral,Crecimiento Anual,Trimestre2
2014,1,Buenos Aires,54.57,,,2014-01-01
2014,1,Capital Federal,112.25,,,2014-01-01
2014,1,Catamarca,24.25,,,2014-01-01
2014,1,Chaco,20.72,,,2014-01-01
2014,1,Chubut,41.24,,,2014-01-01
2014,1,Corrientes,22.32,,,2014-01-01
2014,1,Córdoba,52.52,,,2014-01-01
2014,1,Entre Ríos,34.37,,,2014-01-01
2014,1,Formosa,17.42,,,2014-01-01
2014,1,Jujuy,18.42,,,2014-01-01
2014,1,La Pampa,48.43,,,2014-01-01
2014,1,La Rioja,16.29,,,2014-01-01
2014,1,Mendoza,31.91,,,2014-01-01
2014,1,Misiones,23.14,,,2014-01-01
2014,1,Neuquén,49.79,,,2014-01-01
2014,1,Río Negro,44.91,,,2014-01-01
2014,1,Salta,28.7,,,2014-01-01
2014,1,San Juan,27.6,,,2014-01-01
2014,1,San Luis,9.35,,,2014-01-01
2014,1,Santa Cruz,28.94,,,2014-01-01
2014,1,Santa Fe,47.85,,,2014-01-01
2014,1,Santiago Del Estero,16.31,,,2014-01-01
2014,1,Tierra Del Fuego,63.97,,,2014-01-01
2014,1,Tucumán,33.42,,,2014-01-01
2014,2,Buenos Aires,55.06,0.8979292651640103,,2014-04-01
2014,2,Capital Federal,113.14,0.7928730512249516,,2014-04-01
2014,2,Catamarca,24.7,1.855670103092777,,2014-04-01
2014,2,Chaco,20.96,1.1583011583011782,,2014-04-01
2014,2,Chubut,41.41,0.4122211445198642,,2014-04-01
2014,2,Corrientes,22.58,1.1648745519713175,,2014-04-01
2014,2,Córdoba,53.45,1.7707539984767706,,2014-04-01
2014,2,Entre Ríos,34.69,0.9310445155658932,,2014-04-01
2014,2,Formosa,17.54,0.6888633754305262,,2014-04-01
2014,2,Jujuy,18.71,1.574375678610207,,2014-04-01
2014,2,La Pampa,49.71,2.6429898823043585,,2014-04-01
2014,2,La Rioja,16.5,1.2891344383057168,,2014-04-01
2014,2,Mendoza,32.1,0.5954246317768863,,2014-04-01
2014,2,Misiones,23.37,0.9939498703543714,,2014-04-01
2014,2,Neuquén,50.84,2.10885720024101,,2014-04-01
2014,2,Río Negro,45.33,0.9352037408149716,,2014-04-01
2014,2,Salta,28.91,0.7317073170731714,,2014-04-01
2014,2,San Juan,27.78,0.6521739130434856,,2014-04-01
2014,2,San Luis,9.72,3.957219251336919,,2014-04-01
2014,2,Santa Cruz,29.38,1.520387007601931,,2014-04-01
2014,2,Santa Fe,48.39,1.1285266457680132,,2014-04-01
2014,2,Santiago Del Estero,16.7,2.391171060698971,,2014-04-01
2014,2,Tierra Del Fuego,64.36,0.6096607784899177,,2014-04-01
2014,2,Tucumán,33.94,1.5559545182525223,,2014-04-01
2014,3,Buenos Aires,56.75,3.0693788594260862,,2014-07-01
2014,3,Capital Federal,113.8,0.5833480643450573,,2014-07-01
2014,3,Catamarca,24.71,0.0404858299595245,,2014-07-01
2014,3,Chaco,21.11,0.7156488549618256,,2014-07-01
2014,3,Chubut,40.6,-1.9560492634629223,,2014-07-01
2014,3,Corrientes,22.79,0.93002657218777,,2014-07-01
2014,3,Córdoba,54.23,1.4593077642656604,,2014-07-01
2014,3,Entre Ríos,34.98,0.835975785528964,,2014-07-01
2014,3,Formosa,17.77,1.3112884834663552,,2014-07-01
2014,3,Jujuy,18.37,-1.8172100481026128,,2014-07-01
2014,3,La Pampa,55.78,12.210822772078057,,2014-07-01
2014,3,La Rioja,16.51,0.0606060606060721,,2014-07-01
2014,3,Mendoza,32.31,0.6542056074766434,,2014-07-01
2014,3,Misiones,23.57,0.8557980316645342,,2014-07-01
2014,3,Neuquén,56.4,10.93627065302909,,2014-07-01
2014,3,Río Negro,46.2,1.9192587690271437,,2014-07-01
2014,3,Salta,29.22,1.072293324109297,,2014-07-01
2014,3,San Juan,27.85,0.2519798416126706,,2014-07-01
2014,3,San Luis,9.71,-0.1028806584362107,,2014-07-01
2014,3,Santa Cruz,28.23,-3.91422736555479,,2014-07-01
2014,3,Santa Fe,49.2,1.673899566026038,,2014-07-01
2014,3,Santiago Del Estero,16.49,-1.2574850299401197,,2014-07-01
2014,3,Tierra Del Fuego,65.69,2.0665009322560657,,2014-07-01
2014,3,Tucumán,33.94,0.0,,2014-07-01
2014,4,Buenos Aires,56.09,-1.162995594713645,,2014-10-01
2014,4,Capital Federal,114.9,0.9666080843585334,,2014-10-01
2014,4,Catamarca,25.51,3.2375556454876664,,2014-10-01
2014,4,Chaco,21.87,3.6001894836570347,,2014-10-01
2014,4,Chubut,40.25,-0.8620689655172487,,2014-10-01
2014,4,Corrientes,23.56,3.378674857393582,,2014-10-01
2014,4,Córdoba,54.7,0.8666789599852676,,2014-10-01
2014,4,Entre Ríos,36.03,3.001715265866212,,2014-10-01
2014,4,Formosa,17.96,1.0692177827799745,,2014-10-01
2014,4,Jujuy,19.6,6.695699510070763,,2014-10-01
2014,4,La Pampa,51.27,-8.08533524560774,,2014-10-01
2014,4,La Rioja,17.01,3.028467595396722,,2014-10-01
2014,4,Mendoza,32.64,1.021355617455888,,2014-10-01
2014,4,Misiones,24.16,2.503182011030969,,2014-10-01
2014,4,Neuquén,52.55,-6.826241134751776,,2014-10-01
2014,4,Río Negro,45.48,-1.55844155844157,,2014-10-01
2014,4,Salta,29.53,1.0609171800136874,,2014-10-01
2014,4,San Juan,28.04,0.6822262118491906,,2014-10-01
2014,4,San Luis,9.79,0.8238928939237722,,2014-10-01
2014,4,Santa Cruz,27.8,-1.52320226709175,,2014-10-01
2014,4,Santa Fe,50.0,1.6260162601625885,,2014-10-01
2014,4,Santiago Del Estero,17.27,4.730139478471807,,2014-10-01
2014,4,Tierra Del Fuego,66.14,0.6850357740904256,,2014-10-01
2014,4,Tucumán,35.32,4.065998821449623,,2014-10-01
2015,1,Buenos Aires,56.37,0.4991977179532814,3.2985156679494088,2015-01-01
2015,1,Capital Federal,114.9,0.0,2.3608017817372096,2015-01-01
2015,1,Catamarca,25.11,-1.5680125441003612,3.546391752577316,2015-01-01
2015,1,Chaco,26.65,21.85642432556012,28.619691119691115,2015-01-01
2015,1,Chubut,37.61,-6.5590062111801295,-8.802133850630467,2015-01-01
2015,1,Corrientes,28.95,22.87775891341257,29.7043010752688,2015-01-01
2015,1,Córdoba,54.7,0.0,4.150799695354146,2015-01-01
2015,1,Entre Ríos,42.07,16.76380793782959,22.40325865580448,2015-01-01
2015,1,Formosa,18.12,0.8908685968819663,4.018369690011481,2015-01-01
2015,1,Jujuy,19.69,0.4591836734693766,6.894679695982631,2015-01-01
2015,1,La Pampa,55.51,8.269943436707617,14.61903778649598,2015-01-01
2015,1,La Rioja,16.7,-1.8224573780129427,2.516881522406389,2015-01-01
2015,1,Mendoza,32.37,-0.8272058823529549,1.441554371670306,2015-01-01
2015,1,Misiones,26.31,8.899006622516549,13.699222126188417,2015-01-01
2015,1,Neuquén,51.95,-1.1417697431017948,4.33822052621009,2015-01-01
2015,1,Río Negro,45.33,-0.329815303430081,0.9352037408149716,2015-01-01
2015,1,Salta,30.01,1.6254656281747382,4.564459930313602,2015-01-01
2015,1,San Juan,27.55,-1.747503566333808,-0.1811594202898558,2015-01-01
2015,1,San Luis,9.72,-0.7150153217568844,3.957219251336919,2015-01-01
2015,1,Santa Cruz,27.99,0.6834532374100588,-3.2826537664132798,2015-01-01
2015,1,Santa Fe,50.24,0.4800000000000137,4.99477533960293,2015-01-01
2015,1,Santiago Del Estero,17.06,-1.2159814707585426,4.5984058859595445,2015-01-01
2015,1,Tierra Del Fuego,74.23,12.231629876020577,16.038768172580898,2015-01-01
2015,1,Tucumán,35.08,-0.6795016987542479,4.967085577498498,2015-01-01
2015,2,Buenos Aires,56.8,0.7628171012950213,3.160188884852877,2015-04-01
2015,2,Capital Federal,116.07,1.0182767624020703,2.5897118614106374,2015-04-01
2015,2,Catamarca,25.45,1.3540422142572783,3.036437246963564,2015-04-01
2015,2,Chaco,27.46,3.039399624765493,31.011450381679385,2015-04-01
2015,2,Chubut,36.58,-2.7386333421962283,-11.663849311760444,2015-04-01
2015,2,Corrientes,29.58,2.1761658031087983,31.000885739592565,2015-04-01
2015,2,Córdoba,55.87,2.1389396709323494,4.527595884003732,2015-04-01
2015,2,Entre Ríos,42.93,2.0442120275731,23.753243009512826,2015-04-01
2015,2,Formosa,18.36,1.3245033112582627,4.675028506271373,2015-04-01
2015,2,Jujuy,20.29,3.0472320975114098,8.444681988241577,2015-04-01
2015,2,La Pampa,56.71,2.161772653575933,14.081673707503528,2015-04-01
2015,2,La Rioja,16.88,1.0778443113772518,2.303030303030296,2015-04-01
2015,2,Mendoza,32.49,0.3707136237256936,1.2149532710280295,2015-04-01
2015,2,Misiones,27.35,3.952869631318912,17.03038083012409,2015-04-01
2015,2,Neuquén,53.12,2.252165543792106,4.484657749803289,2015-04-01
2015,2,Río Negro,45.98,1.4339289653650944,1.4339289653650944,2015-04-01
2015,2,Salta,30.46,1.499500166611134,5.361466620546529,2015-04-01
2015,2,San Juan,27.64,0.3266787658802172,-0.5039596832253412,2015-04-01
2015,2,San Luis,9.71,-0.1028806584362107,-0.1028806584362107,2015-04-01
2015,2,Santa Cruz,27.07,-3.2868881743479794,-7.862491490810076,2015-04-01
2015,2,Santa Fe,51.18,1.8710191082802476,5.765654060756353,2015-04-01
2015,2,Santiago Del Estero,17.11,0.2930832356389246,2.455089820359291,2015-04-01
2015,2,Tierra Del Fuego,74.51,0.3772059814091344,15.77066500932256,2015-04-01
2015,2,Tucumán,35.69,1.7388825541619246,5.156157925751326,2015-04-01
2015,3,Buenos Aires,57.69,1.566901408450705,1.6563876651982443,2015-07-01
2015,3,Capital Federal,118.29,1.9126389247867688,3.945518453427077,2015-07-01
2015,3,Catamarca,25.86,1.6110019646365492,4.653986240388508,2015-07-01
2015,3,Chaco,27.96,1.820830298616172,32.449076267171975,2015-07-01
2015,3,Chubut,36.81,0.6287588846364267,-9.33497536945812,2015-07-01
2015,3,Corrientes,30.17,1.9945909398242143,32.38262395787628,2015-07-01
2015,3,Córdoba,57.08,2.165741900841245,5.255393693527566,2015-07-01
2015,3,Entre Ríos,43.68,1.7470300489168311,24.871355060034304,2015-07-01
2015,3,Formosa,18.84,2.614379084967333,6.021384355655601,2015-07-01
2015,3,Jujuy,21.27,4.829965500246436,15.786608600979848,2015-07-01
2015,3,La Pampa,57.96,2.2041967906894837,3.9082108282538552,2015-07-01
2015,3,La Rioja,17.15,1.5995260663506985,3.8764385221077946,2015-07-01
2015,3,Mendoza,32.49,0.0,0.557103064066844,2015-07-01
2015,3,Misiones,28.31,3.510054844606936,20.11030971574035,2015-07-01
2015,3,Neuquén,54.6,2.7861445783132543,-3.1914893617021267,2015-07-01
2015,3,Río Negro,46.39,0.8916920400174,0.4112554112553956,2015-07-01
2015,3,Salta,31.18,2.36375574523966,6.707734428473655,2015-07-01
2015,3,San Juan,27.67,0.1085383502170911,-0.6463195691202905,2015-07-01
2015,3,San Luis,9.71,0.0,0.0,2015-07-01
2015,3,Santa Cruz,27.61,1.9948282231252223,-2.1962451292950824,2015-07-01
2015,3,Santa Fe,52.15,1.8952715904650308,5.99593495934958,2015-07-01
2015,3,Santiago Del Estero,17.12,0.0584453535944051,3.8204972710733855,2015-07-01
2015,3,Tierra Del Fuego,74.86,0.4697356059589319,13.959506774242648,2015-07-01
2015,3,Tucumán,36.61,2.577752871952943,7.866823806717749,2015-07-01
2015,4,Buenos Aires,58.29,1.0400416016640657,3.922267783918687,2015-10-01
2015,4,Capital Federal,118.13,-0.1352607997294863,2.811140121845068,2015-10-01
2015,4,Catamarca,26.24,1.4694508894044889,2.861622892983129,2015-10-01
2015,4,Chaco,28.35,1.3948497854077369,29.629629629629623,2015-10-01
2015,4,Chubut,36.89,0.2173322466720861,-8.347826086956523,2015-10-01
2015,4,Corrientes,30.34,0.5634736493205006,28.77758913412565,2015-10-01
2015,4,Córdoba,57.36,0.4905395935529189,4.862888482632544,2015-10-01
2015,4,Entre Ríos,44.11,0.9844322344322308,22.42575631418262,2015-10-01
2015,4,Formosa,19.07,1.220806794055207,6.180400890868598,2015-10-01
2015,4,Jujuy,21.47,0.9402914903620108,9.540816326530589,2015-10-01
2015,4,La Pampa,58.76,1.3802622498274577,14.60893309927831,2015-10-01
2015,4,La Rioja,17.32,0.9912536443148712,1.8224573780129203,2015-10-01
2015,4,Mendoza,32.49,0.0,-0.4595588235294046,2015-10-01
2015,4,Misiones,28.69,1.342281879194629,18.75,2015-10-01
2015,4,Neuquén,58.29,6.758241758241756,10.922930542340636,2015-10-01
2015,4,Río Negro,46.44,0.1077818495365257,2.110817941952514,2015-10-01
2015,4,Salta,31.59,1.3149454778704328,6.975956654249904,2015-10-01
2015,4,San Juan,27.66,-0.0361402240693919,-1.3552068473609125,2015-10-01
2015,4,San Luis,9.71,0.0,-0.8171603677221473,2015-10-01
2015,4,Santa Cruz,27.74,0.4708438971387174,-0.2158273381295039,2015-10-01
2015,4,Santa Fe,52.61,0.8820709491850431,5.220000000000002,2015-10-01
2015,4,Santiago Del Estero,17.0,-0.7009345794392607,-1.5634047481181246,2015-10-01
2015,4,Tierra Del Fuego,66.46,-11.220945765428814,0.4838221953431976,2015-10-01
2015,4,Tucumán,37.06,1.22917235727944,4.926387315968306,2015-10-01
2016,1,Buenos Aires,57.34,-1.6297821238634325,1.7207734610608538,2016-01-01
2016,1,Capital Federal,115.16,-2.514179293998142,0.2262837249782379,2016-01-01
2016,1,Catamarca,25.91,-1.2576219512195008,3.185981680605332,2016-01-01
2016,1,Chaco,28.08,-0.95238095238096,5.36585365853659,2016-01-01
2016,1,Chubut,36.09,-2.168609379235553,-4.041478330231307,2016-01-01
2016,1,Corrientes,30.08,-0.856954515491104,3.903281519861834,2016-01-01
2016,1,Córdoba,55.28,-3.6262203626220346,1.0603290676416854,2016-01-01
2016,1,Entre Ríos,43.85,-0.5894355021537012,4.231043498930354,2016-01-01
2016,1,Formosa,19.04,-0.1573151546932383,5.077262693156714,2016-01-01
2016,1,Jujuy,21.41,-0.2794597112249608,8.735398679532747,2016-01-01
2016,1,La Pampa,57.84,-1.5656909462219093,4.197441902359955,2016-01-01
2016,1,La Rioja,16.83,-2.829099307159366,0.7784431137724424,2016-01-01
2016,1,Mendoza,32.12,-1.1388119421360532,-0.7723200494284876,2016-01-01
2016,1,Misiones,28.37,-1.1153712094806534,7.829722538958572,2016-01-01
2016,1,Neuquén,55.75,-4.357522731171725,7.314725697786328,2016-01-01
2016,1,Río Negro,45.84,-1.2919896640826711,1.1250827266710894,2016-01-01
2016,1,Salta,31.32,-0.8547008547008517,4.3652115961346105,2016-01-01
2016,1,San Juan,27.33,-1.19305856832973,-0.7985480943738743,2016-01-01
2016,1,San Luis,9.59,-1.2358393408856916,-1.3374485596707952,2016-01-01
2016,1,Santa Cruz,26.87,-3.136265320836329,-4.001429081814923,2016-01-01
2016,1,Santa Fe,51.28,-2.5280364949629264,2.070063694267521,2016-01-01
2016,1,Santiago Del Estero,16.21,-4.647058823529404,-4.982415005861651,2016-01-01
2016,1,Tierra Del Fuego,65.83,-0.9479386096900356,-11.316179442274022,2016-01-01
2016,1,Tucumán,36.72,-0.917431192660556,4.675028506271373,2016-01-01
2016,2,Buenos Aires,59.34,3.4879665155214568,4.471830985915504,2016-04-01
2016,2,Capital Federal,120.04,4.237582493921499,3.420349788920496,2016-04-01
2016,2,Catamarca,26.07,0.6175221922037899,2.436149312377212,2016-04-01
2016,2,Chaco,28.59,1.816239316239332,4.115076474872548,2016-04-01
2016,2,Chubut,36.12,0.0831255195344882,-1.2575177692728312,2016-04-01
2016,2,Corrientes,30.58,1.66223404255319,3.380662609871532,2016-04-01
2016,2,Córdoba,57.55,4.106367583212722,3.006980490424205,2016-04-01
2016,2,Entre Ríos,44.74,2.029646522234896,4.216165851385978,2016-04-01
2016,2,Formosa,19.37,1.7331932773109404,5.501089324618746,2016-04-01
2016,2,Jujuy,21.89,2.2419430172816446,7.885657959586001,2016-04-01
2016,2,La Pampa,60.44,4.495159059474396,6.577323223417375,2016-04-01
2016,2,La Rioja,16.88,0.2970885323826611,0.0,2016-04-01
2016,2,Mendoza,32.13,0.0311332503113437,-1.1080332409972304,2016-04-01
2016,2,Misiones,29.24,3.0666196686640834,6.910420475319912,2016-04-01
2016,2,Neuquén,59.1,6.008968609865484,11.25753012048194,2016-04-01
2016,2,Río Negro,46.24,0.8726003490401313,0.5654632448890862,2016-04-01
2016,2,Salta,32.08,2.426564495530004,5.318450426789223,2016-04-01
2016,2,San Juan,27.34,0.0365898280278109,-1.085383502170767,2016-04-01
2016,2,San Luis,9.6,0.1042752867570273,-1.1328527291452284,2016-04-01
2016,2,Santa Cruz,26.73,-0.5210271678451783,-1.256002955301072,2016-04-01
2016,2,Santa Fe,52.44,2.262090483619339,2.461899179366944,2016-04-01
2016,2,Santiago Del Estero,15.89,-1.9740900678593465,-7.130333138515477,2016-04-01
2016,2,Tierra Del Fuego,67.72,2.871031444630101,-9.112870755603286,2016-04-01
2016,2,Tucumán,37.24,1.4161220043573008,4.342953208181566,2016-04-01
2016,3,Buenos Aires,60.14,1.3481631277384445,4.246836540128274,2016-07-01
2016,3,Capital Federal,120.77,0.6081306231256134,2.0965423958069,2016-07-01
2016,3,Catamarca,26.48,1.5726889144610734,2.3975251353441696,2016-07-01
2016,3,Chaco,28.91,1.1192724728926295,3.39771101573676,2016-07-01
2016,3,Chubut,36.18,0.1661129568106378,-1.7114914425427896,2016-07-01
2016,3,Corrientes,31.07,1.602354480052326,2.9830957905203848,2016-07-01
2016,3,Córdoba,58.24,1.1989574283232107,2.032235459004905,2016-07-01
2016,3,Entre Ríos,45.44,1.5645954403218587,4.029304029304015,2016-07-01
2016,3,Formosa,18.64,-3.7687145069695394,-1.0615711252653923,2016-07-01
2016,3,Jujuy,22.61,3.2891731384193656,6.299952985425472,2016-07-01
2016,3,La Pampa,61.73,2.134348113831908,6.504485852311936,2016-07-01
2016,3,La Rioja,17.07,1.1255924170616272,-0.4664723032069884,2016-07-01
2016,3,Mendoza,32.09,-0.1244942421412931,-1.231148045552477,2016-07-01
2016,3,Misiones,29.91,2.291381668946646,5.65171317555635,2016-07-01
2016,3,Neuquén,60.21,1.878172588832494,10.274725274725284,2016-07-01
2016,3,Río Negro,46.39,0.3243944636678098,0.0,2016-07-01
2016,3,Salta,32.96,2.743142144638422,5.708787684413097,2016-07-01
2016,3,San Juan,27.32,-0.0731528895391298,-1.2649078424286309,2016-07-01
2016,3,San Luis,9.63,0.3125000000000044,-0.8238928939237944,2016-07-01
2016,3,Santa Cruz,26.84,0.411522633744843,-2.7888446215139417,2016-07-01
2016,3,Santa Fe,52.67,0.4385964912280826,0.9971236816874508,2016-07-01
2016,3,Santiago Del Estero,15.33,-3.524229074889873,-10.45560747663552,2016-07-01
2016,3,Tierra Del Fuego,68.94,1.8015357353809769,-7.908095110873637,2016-07-01
2016,3,Tucumán,37.9,1.772287862513422,3.5236274242010257,2016-07-01
2016,4,Buenos Aires,61.24,1.8290655138011316,5.060902384628596,2016-10-01
2016,4,Capital Federal,120.63,-0.1159228285170121,2.1163125370354585,2016-10-01
2016,4,Catamarca,26.54,0.2265861027190174,1.143292682926833,2016-10-01
2016,4,Chaco,28.79,-0.4150812867519948,1.5520282186948675,2016-10-01
2016,4,Chubut,36.07,-0.3040353786622374,-2.2228246137164565,2016-10-01
2016,4,Corrientes,30.98,-0.2896684905053126,2.109426499670408,2016-10-01
2016,4,Córdoba,57.7,-0.9271978021977988,0.5927475592747644,2016-10-01
2016,4,Entre Ríos,45.21,-0.5061619718309762,2.493765586034913,2016-10-01
2016,4,Formosa,19.85,6.491416309012887,4.0901940220241295,2016-10-01
2016,4,Jujuy,22.65,0.1769128704113276,5.496040987424311,2016-10-01
2016,4,La Pampa,63.02,2.0897456666126857,7.249829816201503,2016-10-01
2016,4,La Rioja,16.46,-3.573520796719387,-4.965357967667439,2016-10-01
2016,4,Mendoza,32.11,0.0623247117481851,-1.1695906432748648,2016-10-01
2016,4,Misiones,29.72,-0.6352390504847927,3.59010108051585,2016-10-01
2016,4,Neuquén,60.87,1.096163428001984,4.426145136387039,2016-10-01
2016,4,Río Negro,46.39,0.0,-0.1076658053402179,2016-10-01
2016,4,Salta,32.69,-0.81917475728156,3.4821145932256936,2016-10-01
2016,4,San Juan,27.29,-0.1098096632503708,-1.3376717281272654,2016-10-01
2016,4,San Luis,9.64,0.1038421599169225,-0.7209062821833201,2016-10-01
2016,4,Santa Cruz,27.05,0.7824143070044753,-2.487382840663299,2016-10-01
2016,4,Santa Fe,52.19,-0.9113347256502812,-0.7983273141988212,2016-10-01
2016,4,Santiago Del Estero,15.07,-1.6960208741030658,-11.352941176470589,2016-10-01
2016,4,Tierra Del Fuego,70.31,1.9872352770525128,5.792958170328033,2016-10-01
2016,4,Tucumán,37.98,0.2110817941952447,2.4824608742579413,2016-10-01
2017,1,Buenos Aires,58.57,-4.359895493141741,2.145099407045681,2017-01-01
2017,1,Capital Federal,108.37,-10.163309292879042,-5.896144494616184,2017-01-01
2017,1,Catamarca,25.66,-3.3157498116051176,-0.9648784253184052,2017-01-01
2017,1,Chaco,28.62,-0.5904828065300349,1.9230769230769384,2017-01-01
2017,1,Chubut,35.66,-1.1366786803437834,-1.1914657799944717,2017-01-01
2017,1,Corrientes,30.94,-0.129115558424786,2.859042553191493,2017-01-01
2017,1,Córdoba,57.65,-0.0866551126516568,4.287264833574533,2017-01-01
2017,1,Entre Ríos,44.91,-0.6635700066357053,2.417331812998857,2017-01-01
2017,1,Formosa,19.84,-0.0503778337531568,4.201680672268915,2017-01-01
2017,1,Jujuy,22.76,0.4856512141280467,6.305464736104627,2017-01-01
2017,1,La Pampa,62.67,-0.5553792446842287,8.350622406638998,2017-01-01
2017,1,La Rioja,16.2,-1.5795868772782606,-3.743315508021383,2017-01-01
2017,1,Mendoza,31.84,-0.8408595453129886,-0.8717310087173025,2017-01-01
2017,1,Misiones,29.52,-0.6729475100942128,4.053577722946766,2017-01-01
2017,1,Neuquén,61.02,0.2464268112370771,9.45291479820629,2017-01-01
2017,1,Río Negro,46.03,-0.7760293166630738,0.414485165794054,2017-01-01
2017,1,Salta,32.58,-0.3364943407769938,4.022988505747116,2017-01-01
2017,1,San Juan,27.04,-0.9160864785635714,-1.0611050128064403,2017-01-01
2017,1,San Luis,9.55,-0.9336099585062207,-0.4171011470281427,2017-01-01
2017,1,Santa Cruz,26.52,-1.9593345656192307,-1.3025679196129514,2017-01-01
2017,1,Santa Fe,51.97,-0.4215366928530306,1.3455538221528895,2017-01-01
2017,1,Santiago Del Estero,14.7,-2.4552090245520963,-9.315237507711291,2017-01-01
2017,1,Tierra Del Fuego,68.92,-1.9769591807708764,4.69390855233176,2017-01-01
2017,1,Tucumán,37.9,-0.2106371774618143,3.213507625272327,2017-01-01
2017,2,Buenos Aires,56.27,-3.926925046952357,-5.173576002696323,2017-04-01
2017,2,Capital Federal,124.06,14.478176617144968,3.348883705431516,2017-04-01
2017,2,Catamarca,25.98,1.247077162899446,-0.345224395857302,2017-04-01
2017,2,Chaco,29.05,1.5024458420684894,1.6089541797831508,2017-04-01
2017,2,Chubut,35.55,-0.3084688726864848,-1.5780730897009931,2017-04-01
2017,2,Corrientes,31.39,1.4544279250161551,2.648790058862005,2017-04-01
2017,2,Córdoba,58.97,2.289679098005215,2.46741963509991,2017-04-01
2017,2,Entre Ríos,45.39,1.0688042752171167,1.4528386231560164,2017-04-01
2017,2,Formosa,19.97,0.6552419354838745,3.097573567372214,2017-04-01
2017,2,Jujuy,22.4,-1.5817223198594133,2.3298309730470423,2017-04-01
2017,2,La Pampa,63.49,1.3084410403702007,5.046326935804113,2017-04-01
2017,2,La Rioja,16.2,0.0,-4.028436018957349,2017-04-01
2017,2,Mendoza,31.76,-0.2512562814070307,-1.1515717398070335,2017-04-01
2017,2,Misiones,30.09,1.9308943089430877,2.906976744186052,2017-04-01
2017,2,Neuquén,61.91,1.4585381842018963,4.754653130287645,2017-04-01
2017,2,Río Negro,46.02,-0.0217249619813175,-0.4757785467128017,2017-04-01
2017,2,Salta,32.74,0.491098833640291,2.057356608478811,2017-04-01
2017,2,San Juan,26.96,-0.2958579881656709,-1.3899049012435991,2017-04-01
2017,2,San Luis,9.51,-0.4188481675392763,-0.9375000000000022,2017-04-01
2017,2,Santa Cruz,26.25,-1.0180995475113086,-1.795735129068465,2017-04-01
2017,2,Santa Fe,52.27,0.5772561092938222,-0.3241800152555152,2017-04-01
2017,2,Santiago Del Estero,14.12,-3.945578231292513,-11.139081183134058,2017-04-01
2017,2,Tierra Del Fuego,68.46,-0.667440510737094,1.0927347903130435,2017-04-01
2017,2,Tucumán,38.19,0.7651715039577844,2.5510204081632626,2017-04-01
2017,3,Buenos Aires,55.63,-1.1373733783543671,-7.499168606584627,2017-07-01
2017,3,Capital Federal,121.86,-1.7733354828308956,0.9025420220253322,2017-07-01
2017,3,Catamarca,32.49,25.057736720554267,22.696374622356497,2017-07-01
2017,3,Chaco,29.98,3.201376936316702,3.701141473538572,2017-07-01
2017,3,Chubut,46.22,30.01406469760901,27.7501381978994,2017-07-01
2017,3,Corrientes,32.17,2.484867792290535,3.540392661731584,2017-07-01
2017,3,Córdoba,62.31,5.66389689672715,6.988324175824179,2017-07-01
2017,3,Entre Ríos,45.96,1.2557832121612655,1.1443661971830998,2017-07-01
2017,3,Formosa,21.35,6.910365548322495,14.538626609442073,2017-07-01
2017,3,Jujuy,22.65,1.116071428571419,0.1769128704113276,2017-07-01
2017,3,La Pampa,69.14,8.899039218774618,12.003887898914645,2017-07-01
2017,3,La Rioja,51.47,217.71604938271608,201.52314001171644,2017-07-01
2017,3,Mendoza,35.7,12.405541561712852,11.249610470551572,2017-07-01
2017,3,Misiones,30.21,0.3988035892322994,1.0030090270812364,2017-07-01
2017,3,Neuquén,60.83,-1.744467775803582,1.0297292808503444,2017-07-01
2017,3,Río Negro,48.52,5.432420686657968,4.591506790256528,2017-07-01
2017,3,Salta,39.84,21.68601099572389,20.873786407767003,2017-07-01
2017,3,San Juan,32.37,20.066765578635003,18.484626647144943,2017-07-01
2017,3,San Luis,15.48,62.77602523659307,60.74766355140186,2017-07-01
2017,3,Santa Cruz,33.29,26.81904761904761,24.03129657228018,2017-07-01
2017,3,Santa Fe,60.91,16.529558063898975,15.644579456996375,2017-07-01
2017,3,Santiago Del Estero,35.12,148.72521246458925,129.09328114807565,2017-07-01
2017,3,Tierra Del Fuego,65.74,-3.9731229915279,-4.64171743545112,2017-07-01
2017,3,Tucumán,39.7,3.953914637339628,4.74934036939314,2017-07-01
2017,4,Buenos Aires,57.61,3.559230630954513,-5.927498367080341,2017-10-01
2017,4,Capital Federal,122.9,0.8534383719021932,1.8817872834286709,2017-10-01
2017,4,Catamarca,28.62,-11.91135734072022,7.83722682743031,2017-10-01
2017,4,Chaco,30.81,2.768512341561036,7.016325112886412,2017-10-01
2017,4,Chubut,51.46,11.337083513630477,42.66703631827002,2017-10-01
2017,4,Corrientes,32.52,1.0879701585327917,4.970948999354441,2017-10-01
2017,4,Córdoba,63.33,1.6369764082811766,9.757365684575392,2017-10-01
2017,4,Entre Ríos,47.89,4.199303742384686,5.927892059278928,2017-10-01
2017,4,Formosa,21.27,-0.3747072599531664,7.153652392947096,2017-10-01
2017,4,Jujuy,22.74,0.3973509933774766,0.3973509933774766,2017-10-01
2017,4,La Pampa,71.05,2.762510847555677,12.74198667089812,2017-10-01
2017,4,La Rioja,51.57,0.1942879347192505,213.30498177399755,2017-10-01
2017,4,Mendoza,33.33,-6.638655462184884,3.799439426969786,2017-10-01
2017,4,Misiones,31.14,3.078450844091352,4.777927321668907,2017-10-01
2017,4,Neuquén,61.24,0.6740095347690378,0.6078528010514228,2017-10-01
2017,4,Río Negro,49.38,1.7724649629018874,6.4453546022849695,2017-10-01
2017,4,Salta,39.8,-0.1004016064257151,21.74977057204037,2017-10-01
2017,4,San Juan,30.3,-6.394810009267826,11.02968120190546,2017-10-01
2017,4,San Luis,10.59,-31.589147286821703,9.854771784232351,2017-10-01
2017,4,Santa Cruz,28.91,-13.157104235506155,6.876155268022188,2017-10-01
2017,4,Santa Fe,61.71,1.3134132326383163,18.24104234527688,2017-10-01
2017,4,Santiago Del Estero,29.13,-17.05580865603644,93.2979429329794,2017-10-01
2017,4,Tierra Del Fuego,59.89,-8.898691816245808,-14.820082491821928,2017-10-01
2017,4,Tucumán,39.9,0.5037783375314797,5.055292259083744,2017-10-01
2018,1,Buenos Aires,62.63,8.71376497135914,6.931876387228964,2018-01-01
2018,1,Capital Federal,106.24,-13.555736371033367,-1.9654886038571684,2018-01-01
2018,1,Catamarca,32.79,14.570230607966453,27.786438035853458,2018-01-01
2018,1,Chaco,30.83,0.064913988964621,7.721872816212438,2018-01-01
2018,1,Chubut,53.72,4.391760590750082,50.64498037016265,2018-01-01
2018,1,Corrientes,32.66,0.4305043050430335,5.559146735617304,2018-01-01
2018,1,Córdoba,63.52,0.300015790304764,10.18213356461406,2018-01-01
2018,1,Entre Ríos,48.68,1.64961369805805,8.394566911600986,2018-01-01
2018,1,Formosa,21.4,0.611189468735307,7.86290322580645,2018-01-01
2018,1,Jujuy,23.12,1.6710642040457468,1.581722319859402,2018-01-01
2018,1,La Pampa,71.75,0.985221674876846,14.488591032391884,2018-01-01
2018,1,La Rioja,51.44,-0.2520845452782638,217.5308641975309,2018-01-01
2018,1,Mendoza,37.07,11.221122112211225,16.42587939698492,2018-01-01
2018,1,Misiones,30.96,-0.578034682080919,4.878048780487809,2018-01-01
2018,1,Neuquén,61.52,0.4572175048987548,0.8194034742707412,2018-01-01
2018,1,Río Negro,49.82,0.8910490076954103,8.233760590918958,2018-01-01
2018,1,Salta,39.78,-0.0502512562813972,22.09944751381217,2018-01-01
2018,1,San Juan,32.61,7.623762376237608,20.599112426035514,2018-01-01
2018,1,San Luis,15.15,43.05949008498584,58.63874345549738,2018-01-01
2018,1,Santa Cruz,33.55,16.049809754410237,26.50829562594268,2018-01-01
2018,1,Santa Fe,62.28,0.923675255226053,19.83836828939773,2018-01-01
2018,1,Santiago Del Estero,34.99,20.11671815997256,138.02721088435374,2018-01-01
2018,1,Tierra Del Fuego,65.2,8.866254800467521,-5.3975623911781785,2018-01-01
2018,1,Tucumán,41.18,3.2080200501253264,8.65435356200528,2018-01-01
2018,2,Buenos Aires,62.78,0.2395018361807332,11.569219832948274,2018-04-01
2018,2,Capital Federal,106.53,0.2729668674698926,-14.13025955182976,2018-04-01
2018,2,Catamarca,32.86,0.2134797194266458,26.48190916089299,2018-04-01
2018,2,Chaco,31.25,1.3623094388582668,7.573149741824436,2018-04-01
2018,2,Chubut,54.9,2.196574832464626,54.43037974683544,2018-04-01
2018,2,Corrientes,33.81,3.521126760563398,7.709461611978341,2018-04-01
2018,2,Córdoba,63.27,-0.3935768261964734,7.2918433101577085,2018-04-01
2018,2,Entre Ríos,49.2,1.068200493015614,8.393919365499002,2018-04-01
2018,2,Formosa,29.43,37.523364485981325,47.37105658487732,2018-04-01
2018,2,Jujuy,23.43,1.3408304498269796,4.598214285714297,2018-04-01
2018,2,La Pampa,71.04,-0.9895470383275208,11.89163647818554,2018-04-01
2018,2,La Rioja,50.98,-0.8942457231726264,214.69135802469137,2018-04-01
2018,2,Mendoza,36.97,-0.2697599136768369,16.404282115869016,2018-04-01
2018,2,Misiones,31.63,2.1640826873384977,5.117979395147887,2018-04-01
2018,2,Neuquén,60.24,-2.080624187256175,-2.697464060733312,2018-04-01
2018,2,Río Negro,50.15,0.6623845845042053,8.974358974358964,2018-04-01
2018,2,Salta,39.94,0.4022121669180478,21.991447770311524,2018-04-01
2018,2,San Juan,32.95,1.0426249616682035,22.21810089020773,2018-04-01
2018,2,San Luis,15.15,0.0,59.30599369085174,2018-04-01
2018,2,Santa Cruz,33.33,-0.6557377049180246,26.97142857142856,2018-04-01
2018,2,Santa Fe,62.57,0.4656390494540696,19.705375932657358,2018-04-01
2018,2,Santiago Del Estero,35.26,0.7716490425835776,149.7167138810198,2018-04-01
2018,2,Tierra Del Fuego,91.61,40.50613496932514,33.81536663745255,2018-04-01
2018,2,Tucumán,41.51,0.8013598834385682,8.693375229117573,2018-04-01
2018,3,Buenos Aires,64.44,2.6441541892322284,15.83677871651985,2018-07-01
2018,3,Capital Federal,108.45,1.8023092086736137,-11.00443131462333,2018-07-01
2018,3,Catamarca,32.92,0.1825928180158254,1.323484148968923,2018-07-01
2018,3,Chaco,32.28,3.29600000000001,7.671781187458304,2018-07-01
2018,3,Chubut,56.39,2.714025500910755,22.00346170488967,2018-07-01
2018,3,Corrientes,34.25,1.3013901212658885,6.465651227852032,2018-07-01
2018,3,Córdoba,64.24,1.5331120594278325,3.0974161450810334,2018-07-01
2018,3,Entre Ríos,50.22,2.073170731707319,9.268929503916446,2018-07-01
2018,3,Formosa,29.58,0.5096839959225274,38.54800936768148,2018-07-01
2018,3,Jujuy,23.26,-0.725565514297899,2.693156732891855,2018-07-01
2018,3,La Pampa,71.75,0.9994369369369372,3.7749493780734777,2018-07-01
2018,3,La Rioja,50.73,-0.4903883876029802,-1.437730716922481,2018-07-01
2018,3,Mendoza,37.99,2.758993778739538,6.414565826330532,2018-07-01
2018,3,Misiones,32.1,1.48593107809043,6.256206554121158,2018-07-01
2018,3,Neuquén,60.49,0.4150066401062524,-0.5589347361499186,2018-07-01
2018,3,Río Negro,50.54,0.7776669990029905,4.163231657048638,2018-07-01
2018,3,Salta,39.43,-1.276915373059584,-1.0291164658634666,2018-07-01
2018,3,San Juan,33.05,0.3034901365705389,2.1007105344454717,2018-07-01
2018,3,San Luis,52.35,245.54455445544556,238.1782945736434,2018-07-01
2018,3,Santa Cruz,32.73,-1.8001800180018068,-1.682186842895772,2018-07-01
2018,3,Santa Fe,63.41,1.3424964040274825,4.104416351994744,2018-07-01
2018,3,Santiago Del Estero,36.25,2.80771412365286,3.217539863325758,2018-07-01
2018,3,Tierra Del Fuego,92.77,1.2662373103373037,41.11651962275631,2018-07-01
2018,3,Tucumán,41.68,0.4095398699108799,4.987405541561696,2018-07-01
2018,4,Buenos Aires,64.6,0.248292985723153,12.13331018920325,2018-10-01
2018,4,Capital Federal,108.27,-0.1659751037344503,-11.903986981285607,2018-10-01
2018,4,Catamarca,32.23,-2.0959902794653877,12.613556953179582,2018-10-01
2018,4,Chaco,32.59,0.9603469640644402,5.777345017851365,2018-10-01
2018,4,Chubut,42.61,-24.43695690725306,-17.19782355227362,2018-10-01
2018,4,Corrientes,34.57,0.9343065693430574,6.303813038130368,2018-10-01
2018,4,Córdoba,65.09,1.3231631382316422,2.7790936365071905,2018-10-01
2018,4,Entre Ríos,54.37,8.263639984070092,13.531008561286283,2018-10-01
2018,4,Formosa,29.74,0.5409060175794567,39.821344616831226,2018-10-01
2018,4,Jujuy,46.53,100.04299226139293,104.61741424802112,2018-10-01
2018,4,La Pampa,73.49,2.425087108013924,3.434201266713588,2018-10-01
2018,4,La Rioja,50.35,-0.7490636704119757,-2.365716501842152,2018-10-01
2018,4,Mendoza,37.76,-0.6054224795999041,13.291329132913289,2018-10-01
2018,4,Misiones,34.45,7.3208722741433085,10.629415542710351,2018-10-01
2018,4,Neuquén,59.07,-2.347495453794013,-3.5434356629653885,2018-10-01
2018,4,Río Negro,51.86,2.611792639493471,5.022276225192379,2018-10-01
2018,4,Salta,39.8,0.9383717981232608,0.0,2018-10-01
2018,4,San Juan,31.9,-3.479576399394857,5.280528052805278,2018-10-01
2018,4,San Luis,67.55,29.03533906399236,537.865911237016,2018-10-01
2018,4,Santa Cruz,23.69,-27.61992056217536,-18.05603597371152,2018-10-01
2018,4,Santa Fe,65.59,3.437943542028088,6.28747366715281,2018-10-01
2018,4,Santiago Del Estero,37.4,3.1724137931034457,28.389975969790605,2018-10-01
2018,4,Tierra Del Fuego,93.59,0.8839064352700321,56.26982801803307,2018-10-01
2018,4,Tucumán,41.76,0.1919385796545158,4.6616541353383445,2018-10-01
2019,1,Buenos Aires,66.24,2.5386996904024794,5.764010857416557,2019-01-01
2019,1,Capital Federal,109.2,0.8589637018564744,2.7861445783132543,2019-01-01
2019,1,Catamarca,32.19,-0.1241079739373263,-1.8298261665141813,2019-01-01
2019,1,Chaco,32.64,0.1534212948757218,5.8709049626986864,2019-01-01
2019,1,Chubut,43.0,0.9152781037315094,-19.955323901712585,2019-01-01
2019,1,Corrientes,35.13,1.6199016488284812,7.562767911818757,2019-01-01
2019,1,Córdoba,65.52,0.6606237517283731,3.148614609571787,2019-01-01
2019,1,Entre Ríos,56.79,4.450983998528613,16.659819227608864,2019-01-01
2019,1,Formosa,29.68,-0.2017484868863439,38.691588785046726,2019-01-01
2019,1,Jujuy,46.41,-0.2578981302385652,100.73529411764706,2019-01-01
2019,1,La Pampa,76.35,3.891685943665801,6.411149825783968,2019-01-01
2019,1,La Rioja,50.18,-0.337636544190667,-2.449455676516321,2019-01-01
2019,1,Mendoza,37.66,-0.2648305084745783,1.5915834906932824,2019-01-01
2019,1,Misiones,36.26,5.2539912917271225,17.1188630490956,2019-01-01
2019,1,Neuquén,58.88,-0.3216522769595387,-4.29128738621587,2019-01-01
2019,1,Río Negro,53.57,3.2973389895873506,7.527097551184259,2019-01-01
2019,1,Salta,40.1,0.7537688442211143,0.8044243338360957,2019-01-01
2019,1,San Juan,31.83,-0.2194357366771204,-2.3919043238270543,2019-01-01
2019,1,San Luis,67.34,-0.3108808290155362,344.4884488448845,2019-01-01
2019,1,Santa Cruz,23.67,-0.0844238075137115,-29.448584202682547,2019-01-01
2019,1,Santa Fe,66.97,2.1039792651318834,7.530507385998719,2019-01-01
2019,1,Santiago Del Estero,37.52,0.3208556149732811,7.230637324949996,2019-01-01
2019,1,Tierra Del Fuego,93.38,-0.2243829468960401,43.220858895705504,2019-01-01
2019,1,Tucumán,41.63,-0.3113026819923314,1.0927634774162254,2019-01-01
2019,2,Buenos Aires,67.85,2.430555555555558,8.07582032494425,2019-04-01
2019,2,Capital Federal,110.55,1.236263736263732,3.773584905660377,2019-04-01
2019,2,Catamarca,32.13,-0.1863932898415465,-2.2215459525258607,2019-04-01
2019,2,Chaco,34.14,4.595588235294112,9.248000000000012,2019-04-01
2019,2,Chubut,46.99,9.27906976744186,-14.408014571948993,2019-04-01
2019,2,Corrientes,38.16,8.625106746370603,12.866015971606014,2019-04-01
2019,2,Córdoba,68.07,3.891941391941378,7.586533902323356,2019-04-01
2019,2,Entre Ríos,57.48,1.2150026413100925,16.82926829268292,2019-04-01
2019,2,Formosa,30.42,2.4932614555256194,3.3639143730886945,2019-04-01
2019,2,Jujuy,44.51,-4.093945270415855,89.97012377294067,2019-04-01
2019,2,La Pampa,77.08,0.9561231172233288,8.50225225225223,2019-04-01
2019,2,La Rioja,48.7,-2.949382223993613,-4.472342094939186,2019-04-01
2019,2,Mendoza,40.75,8.204992033988322,10.22450635650527,2019-04-01
2019,2,Misiones,39.15,7.970215113072254,23.774897249446724,2019-04-01
2019,2,Neuquén,63.08,7.133152173913038,4.7144754316069015,2019-04-01
2019,2,Río Negro,61.09,14.037707672204602,21.814556331007,2019-04-01
2019,2,Salta,41.89,4.463840399002494,4.882323485227857,2019-04-01
2019,2,San Juan,35.6,11.844172164624588,8.042488619119869,2019-04-01
2019,2,San Luis,81.79,21.45827145827146,439.8679867986799,2019-04-01
2019,2,Santa Cruz,28.85,21.884241656104763,-13.441344134413436,2019-04-01
2019,2,Santa Fe,67.42,0.6719426608929435,7.751318523253947,2019-04-01
2019,2,Santiago Del Estero,52.79,40.69829424307034,49.71639251276234,2019-04-01
2019,2,Tierra Del Fuego,94.8,1.520668237309919,3.4821526034275685,2019-04-01
2019,2,Tucumán,40.14,-3.579149651693492,-3.3004095398699085,2019-04-01
2019,3,Buenos Aires,69.36,2.225497420781153,7.635009310986973,2019-07-01
2019,3,Capital Federal,112.65,1.899592944369077,3.8727524204702712,2019-07-01
2019,3,Catamarca,30.88,-3.890445066915671,-6.196840826245453,2019-07-01
2019,3,Chaco,35.85,5.008787346221433,11.05947955390334,2019-07-01
2019,3,Chubut,47.57,1.2343051713130435,-15.641071111899274,2019-07-01
2019,3,Corrientes,38.49,0.8647798742138502,12.379562043795625,2019-07-01
2019,3,Córdoba,68.59,0.7639194946378769,6.771481942714841,2019-07-01
2019,3,Entre Ríos,57.9,0.7306889352818313,15.292712066905612,2019-07-01
2019,3,Formosa,30.11,-1.019066403681801,1.7917511832319155,2019-07-01
2019,3,Jujuy,44.32,-0.4268703662098305,90.54170249355116,2019-07-01
2019,3,La Pampa,77.45,0.4800207576543869,7.94425087108015,2019-07-01
2019,3,La Rioja,47.94,-1.560574948665305,-5.49970431697221,2019-07-01
2019,3,Mendoza,40.74,-0.0245398773006111,7.238747038694382,2019-07-01
2019,3,Misiones,39.33,0.459770114942537,22.52336448598129,2019-07-01
2019,3,Neuquén,64.14,1.6804058338617756,6.034055215738143,2019-07-01
2019,3,Río Negro,63.42,3.8140448518579007,25.48476454293629,2019-07-01
2019,3,Salta,44.48,6.182859871090951,12.807506974384976,2019-07-01
2019,3,San Juan,37.06,4.101123595505629,12.133131618759464,2019-07-01
2019,3,San Luis,85.23,4.205893140970773,62.8080229226361,2019-07-01
2019,3,Santa Cruz,35.63,23.50086655112651,8.860372746715562,2019-07-01
2019,3,Santa Fe,68.87,2.150697122515588,8.610629238290501,2019-07-01
2019,3,Santiago Del Estero,55.3,4.754688387952255,52.55172413793103,2019-07-01
2019,3,Tierra Del Fuego,96.46,1.751054852320677,3.977578958715089,2019-07-01
2019,3,Tucumán,39.49,-1.619332336821122,-5.25431861804222,2019-07-01
2019,4,Buenos Aires,64.25,-7.367358708189153,-0.5417956656346701,2019-10-01
2019,4,Capital Federal,106.25,-5.681313803817134,-1.8657061051076007,2019-10-01
2019,4,Catamarca,36.44,18.005181347150256,13.062364256903503,2019-10-01
2019,4,Chaco,36.84,2.761506276150638,13.040810064436936,2019-10-01
2019,4,Chubut,51.15,7.525751524069779,20.04224360478761,2019-10-01
2019,4,Corrientes,38.77,0.7274616783580212,12.1492623662135,2019-10-01
2019,4,Córdoba,70.48,2.755503717743113,8.280841911199888,2019-10-01
2019,4,Entre Ríos,57.99,0.1554404145077681,6.658083501931222,2019-10-01
2019,4,Formosa,30.47,1.1956160743938904,2.454606590450581,2019-10-01
2019,4,Jujuy,45.38,2.391696750902539,-2.4715237481194863,2019-10-01
2019,4,La Pampa,76.92,-0.6843124596513928,4.667301673697111,2019-10-01
2019,4,La Rioja,47.14,-1.6687526074259385,-6.37537239324727,2019-10-01
2019,4,Mendoza,33.65,-17.40304369170349,-10.884533898305085,2019-10-01
2019,4,Misiones,39.79,1.1695906432748648,15.500725689404929,2019-10-01
2019,4,Neuquén,59.36,-7.452447770502024,0.4909429490435046,2019-10-01
2019,4,Río Negro,55.71,-12.15704824976348,7.423833397608948,2019-10-01
2019,4,Salta,50.35,13.19694244604317,26.507537688442227,2019-10-01
2019,4,San Juan,32.85,-11.359956826767403,2.9780564263322877,2019-10-01
2019,4,San Luis,74.92,-12.096679572920332,10.910436713545524,2019-10-01
2019,4,Santa Cruz,36.71,3.0311535223126462,54.959898691430986,2019-10-01
2019,4,Santa Fe,69.48,0.8857267315231621,5.930782131422463,2019-10-01
2019,4,Santiago Del Estero,42.92,-22.38698010849909,14.759358288770065,2019-10-01
2019,4,Tierra Del Fuego,79.7,-17.37507775243623,-14.841329201837803,2019-10-01
2019,4,Tucumán,47.65,20.663459103570524,14.1044061302682,2019-10-01
2020,1,Buenos Aires,64.33,0.1245136186770468,-2.883454106280192,2020-01-01
2020,1,Capital Federal,105.98,-0.2541176470588158,-2.9487179487179493,2020-01-01
2020,1,Catamarca,37.62,3.2381997804610263,16.868592730661703,2020-01-01
2020,1,Chaco,37.48,1.7372421281215855,14.828431372549012,2020-01-01
2020,1,Chubut,51.27,0.2346041055718561,19.232558139534884,2020-01-01
2020,1,Corrientes,38.73,-0.1031725561000951,10.247651579846265,2020-01-01
2020,1,Córdoba,70.69,0.2979568671963584,7.890720390720385,2020-01-01
2020,1,Entre Ríos,56.12,-3.2246939127435814,-1.1797851734460352,2020-01-01
2020,1,Formosa,30.23,-0.7876599934361628,1.8530997304582184,2020-01-01
2020,1,Jujuy,46.67,2.8426619656236163,0.5602240896358746,2020-01-01
2020,1,La Pampa,75.77,-1.495059802392107,-0.7596594629993403,2020-01-01
2020,1,La Rioja,46.35,-1.6758591429783642,-7.632522917497009,2020-01-01
2020,1,Mendoza,33.14,-1.515601783060916,-12.002124269782255,2020-01-01
2020,1,Misiones,39.02,-1.9351595878361327,7.611693325979063,2020-01-01
2020,1,Neuquén,61.85,4.194743935309986,5.044157608695654,2020-01-01
2020,1,Río Negro,55.12,-1.0590558248070423,2.893410490946424,2020-01-01
2020,1,Salta,49.6,-1.4895729890764595,23.690773067331676,2020-01-01
2020,1,San Juan,32.39,-1.4003044140030507,1.759346528432304,2020-01-01
2020,1,San Luis,76.31,1.855312333155368,13.320463320463327,2020-01-01
2020,1,Santa Cruz,35.97,-2.0157995096703907,51.96451204055765,2020-01-01
2020,1,Santa Fe,69.52,0.0575705238917478,3.807675078393302,2020-01-01
2020,1,Santiago Del Estero,42.47,-1.0484622553588174,13.192963752665232,2020-01-01
2020,1,Tierra Del Fuego,76.07,-4.55457967377667,-18.537159991432866,2020-01-01
2020,1,Tucumán,47.85,0.4197271773347388,14.94114821042518,2020-01-01
2020,2,Buenos Aires,65.22,1.3834913726099796,-3.8761974944730992,2020-04-01
2020,2,Capital Federal,106.41,0.4057369314965031,-3.744911804613293,2020-04-01
2020,2,Catamarca,45.43,20.76023391812867,41.39433551198255,2020-04-01
2020,2,Chaco,39.83,6.270010672358595,16.66666666666665,2020-04-01
2020,2,Chubut,57.34,11.839282231324354,22.02596297084487,2020-04-01
2020,2,Corrientes,40.3,4.05370513813581,5.607966457023061,2020-04-01
2020,2,Córdoba,72.71,2.857547036355923,6.816512413691789,2020-04-01
2020,2,Entre Ríos,56.54,0.7483962936564614,-1.6353514265831537,2020-04-01
2020,2,Formosa,31.14,3.010254713860405,2.3668639053254337,2020-04-01
2020,2,Jujuy,47.89,2.614098992929081,7.5937991462592835,2020-04-01
2020,2,La Pampa,76.1,0.4355285733139702,-1.2714063310845902,2020-04-01
2020,2,La Rioja,49.84,7.529665587918011,2.340862422997958,2020-04-01
2020,2,Mendoza,36.25,9.384429692214846,-11.042944785276076,2020-04-01
2020,2,Misiones,40.89,4.792414146591484,4.444444444444451,2020-04-01
2020,2,Neuquén,63.9,3.3144704931285407,1.2999365884591052,2020-04-01
2020,2,Río Negro,56.37,2.26777939042091,-7.72630545097398,2020-04-01
2020,2,Salta,51.58,3.991935483870957,23.132012413463837,2020-04-01
2020,2,San Juan,35.09,8.335906143871563,-1.4325842696629176,2020-04-01
2020,2,San Luis,78.41,2.7519329052548835,-4.132534539674793,2020-04-01
2020,2,Santa Cruz,35.79,-0.5004170141784781,24.05545927209705,2020-04-01
2020,2,Santa Fe,70.0,0.6904487917146263,3.826757638682876,2020-04-01
2020,2,Santiago Del Estero,43.47,2.3546032493524827,-17.654858874786893,2020-04-01
2020,2,Tierra Del Fuego,76.37,0.3943736032601785,-19.44092827004219,2020-04-01
2020,2,Tucumán,51.78,8.213166144200624,28.998505231689094,2020-04-01
2020,3,Buenos Aires,67.66,3.7411836859858822,-2.450980392156865,2020-07-01
2020,3,Capital Federal,107.68,1.193496851799658,-4.411895250776743,2020-07-01
2020,3,Catamarca,47.16,3.808056350429223,52.720207253886,2020-07-01
2020,3,Chaco,41.54,4.293246296761244,15.871687587168749,2020-07-01
2020,3,Chubut,68.34,19.18381583536799,43.66197183098593,2020-07-01
2020,3,Corrientes,41.75,3.5980148883374863,8.469732398025464,2020-07-01
2020,3,Córdoba,75.22,3.4520698665933214,9.66613208922582,2020-07-01
2020,3,Entre Ríos,58.19,2.9182879377431803,0.5008635578583664,2020-07-01
2020,3,Formosa,31.91,2.47270391779062,5.978080371969452,2020-07-01
2020,3,Jujuy,54.04,12.841929421591146,21.931407942238263,2020-07-01
2020,3,La Pampa,79.26,4.152431011826563,2.336991607488703,2020-07-01
2020,3,La Rioja,50.12,0.561797752808979,4.547350855235721,2020-07-01
2020,3,Mendoza,37.35,3.0344827586207046,-8.321060382916057,2020-07-01
2020,3,Misiones,41.6,1.7363658596233789,5.771675565725909,2020-07-01
2020,3,Neuquén,65.24,2.0970266040688523,1.714998440910498,2020-07-01
2020,3,Río Negro,57.05,1.2063154160014244,-10.044150110375282,2020-07-01
2020,3,Salta,52.32,1.4346645986816675,17.625899280575542,2020-07-01
2020,3,San Juan,38.79,10.544314619549722,4.668105774419851,2020-07-01
2020,3,San Luis,79.96,1.9767886749139096,-6.183268802065012,2020-07-01
2020,3,Santa Cruz,35.95,0.4470522492316497,0.8981195621667215,2020-07-01
2020,3,Santa Fe,72.12,3.028571428571425,4.719035864672572,2020-07-01
2020,3,Santiago Del Estero,43.38,-0.207039337474113,-21.555153707052437,2020-07-01
2020,3,Tierra Del Fuego,76.81,0.5761424643184521,-20.37113829566659,2020-07-01
2020,3,Tucumán,53.23,2.800308999613743,34.79361863762978,2020-07-01
2020,4,Buenos Aires,68.98,1.9509311262193352,7.361867704280156,2020-10-01
2020,4,Capital Federal,108.31,0.5850668647845447,1.9388235294117704,2020-10-01
2020,4,Catamarca,49.41,4.770992366412208,35.5927552140505,2020-10-01
2020,4,Chaco,43.03,3.5869041887337527,16.802388707926163,2020-10-01
2020,4,Chubut,68.35,0.0146327187591221,33.626588465298134,2020-10-01
2020,4,Corrientes,42.43,1.6287425149700496,9.440288883157066,2020-10-01
2020,4,Córdoba,78.08,3.802180271204469,10.78320090805902,2020-10-01
2020,4,Entre Ríos,59.47,2.199690668499743,2.55216416623556,2020-10-01
2020,4,Formosa,32.49,1.8176120338452064,6.629471611421089,2020-10-01
2020,4,Jujuy,53.46,-1.0732790525536662,17.80520052886734,2020-10-01
2020,4,La Pampa,81.77,3.166792833711818,6.305252210088397,2020-10-01
2020,4,La Rioja,50.11,-0.0199521149241821,6.30038184132371,2020-10-01
2020,4,Mendoza,38.63,3.427041499330663,14.7994056463596,2020-10-01
2020,4,Misiones,42.64,2.499999999999991,7.162603669263645,2020-10-01
2020,4,Neuquén,67.0,2.697731453096264,12.870619946091644,2020-10-01
2020,4,Río Negro,61.09,7.0815074496056285,9.657153114342144,2020-10-01
2020,4,Salta,54.04,3.287461773700296,7.328699106256198,2020-10-01
2020,4,San Juan,36.32,-6.36762052075277,10.563165905631644,2020-10-01
2020,4,San Luis,81.68,2.1510755377688984,9.022957821676458,2020-10-01
2020,4,Santa Cruz,37.0,2.9207232267037364,0.7899754835194672,2020-10-01
2020,4,Santa Fe,73.58,2.024403771491956,5.900978698906156,2020-10-01
2020,4,Santiago Del Estero,43.75,0.8529276164130906,1.9338303821062384,2020-10-01
2020,4,Tierra Del Fuego,76.27,-0.7030334591850096,-4.3036386449184505,2020-10-01
2020,4,Tucumán,54.78,2.91189179034379,14.96327387198322,2020-10-01
2021,1,Buenos Aires,69.11,0.1884604233110876,7.430436810197416,2021-01-01
2021,1,Capital Federal,108.42,0.1015603360723815,2.3023211926778586,2021-01-01
2021,1,Catamarca,48.9,-1.032179720704307,29.984051036682622,2021-01-01
2021,1,Chaco,43.14,0.2556356030676276,15.101387406616883,2021-01-01
2021,1,Chubut,68.99,0.9363569861009502,34.56212209869318,2021-01-01
2021,1,Corrientes,42.66,0.5420692905962587,10.147172734314491,2021-01-01
2021,1,Córdoba,78.59,0.6531762295082011,11.175555241193958,2021-01-01
2021,1,Entre Ríos,60.44,1.6310744913401676,7.697790449037778,2021-01-01
2021,1,Formosa,32.73,0.7386888273314796,8.269930532583514,2021-01-01
2021,1,Jujuy,55.63,4.05910961466518,19.19862866938076,2021-01-01
2021,1,La Pampa,81.78,0.0122294239941256,7.93189916853636,2021-01-01
2021,1,La Rioja,49.81,-0.5986828976252134,7.4649406688241715,2021-01-01
2021,1,Mendoza,39.15,1.3461040641987942,18.135184067592025,2021-01-01
2021,1,Misiones,43.17,1.2429643527204437,10.635571501793953,2021-01-01
2021,1,Neuquén,66.84,-0.2388059701492473,8.067906224737275,2021-01-01
2021,1,Río Negro,60.88,-0.343755115403499,10.449927431059525,2021-01-01
2021,1,Salta,53.93,-0.2035529237601752,8.729838709677406,2021-01-01
2021,1,San Juan,39.06,7.544052863436135,20.59277554800865,2021-01-01
2021,1,San Luis,81.24,-0.5386875612145126,6.460490106145977,2021-01-01
2021,1,Santa Cruz,41.65,12.56756756756756,15.790936891854312,2021-01-01
2021,1,Santa Fe,73.92,0.4620820875237852,6.329113924050644,2021-01-01
2021,1,Santiago Del Estero,45.67,4.388571428571431,7.534730397927958,2021-01-01
2021,1,Tierra Del Fuego,77.35,1.4160220270093005,1.682660707243322,2021-01-01
2021,1,Tucumán,54.82,0.0730193501277787,14.566353187042846,2021-01-01
2021,2,Buenos Aires,70.0,1.2878020546954083,7.329040171726464,2021-04-01
2021,2,Capital Federal,110.14,1.5864231691569808,3.505309651348565,2021-04-01
2021,2,Catamarca,52.34,7.034764826175888,15.210213515298276,2021-04-01
2021,2,Chaco,43.33,0.4404265183124645,8.787346221441128,2021-04-01
2021,2,Chubut,72.29,4.783301927815642,26.07254970352284,2021-04-01
2021,2,Corrientes,43.54,2.0628223159868897,8.039702233250633,2021-04-01
2021,2,Córdoba,80.12,1.946812571573986,10.191170402970728,2021-04-01
2021,2,Entre Ríos,61.66,2.0185307743216363,9.055535903784918,2021-04-01
2021,2,Formosa,33.23,1.52765047357164,6.711624919717396,2021-04-01
2021,2,Jujuy,56.18,0.9886751752651302,17.31050323658383,2021-04-01
2021,2,La Pampa,82.08,0.3668378576669129,7.858081471747713,2021-04-01
2021,2,La Rioja,76.98,54.54727966271833,54.45425361155698,2021-04-01
2021,2,Mendoza,40.97,4.64878671775224,13.0206896551724,2021-04-01
2021,2,Misiones,45.01,4.26221913365763,10.075813157251146,2021-04-01
2021,2,Neuquén,69.14,3.441053261520044,8.200312989045377,2021-04-01
2021,2,Río Negro,61.94,1.741130091984222,9.881142451658675,2021-04-01
2021,2,Salta,54.93,1.854255516410164,6.494765412950754,2021-04-01
2021,2,San Juan,39.28,0.5632360471070186,11.940723852949551,2021-04-01
2021,2,San Luis,83.48,2.757262432299368,6.466011988266818,2021-04-01
2021,2,Santa Cruz,44.01,5.666266506602646,22.96730930427493,2021-04-01
2021,2,Santa Fe,75.07,1.5557359307359242,7.242857142857129,2021-04-01
2021,2,Santiago Del Estero,46.56,1.9487628640245225,7.108350586611456,2021-04-01
2021,2,Tierra Del Fuego,67.89,-12.230122818358105,-11.103836585046489,2021-04-01
2021,2,Tucumán,54.93,0.2006566946370025,6.083429895712622,2021-04-01
2021,3,Buenos Aires,71.68,2.400000000000002,5.941472066213427,2021-07-01
2021,3,Capital Federal,111.27,1.0259669511530678,3.333952451708755,2021-07-01
2021,3,Catamarca,52.71,0.7069163163928138,11.76844783715014,2021-07-01
2021,3,Chaco,42.96,-0.8539118393722567,3.4183919114106898,2021-07-01
2021,3,Chubut,80.71,11.647530778807557,18.100673105062917,2021-07-01
2021,3,Corrientes,44.9,3.123564538355539,7.544910179640718,2021-07-01
2021,3,Córdoba,81.28,1.4478282576135817,8.056367987237433,2021-07-01
2021,3,Entre Ríos,62.18,0.8433344145313049,6.856848255714043,2021-07-01
2021,3,Formosa,33.96,2.196810111345182,6.424318395487316,2021-07-01
2021,3,Jujuy,55.69,-0.8721965112139629,3.0532938564026724,2021-07-01
2021,3,La Pampa,84.28,2.680311890838216,6.333585667423658,2021-07-01
2021,3,La Rioja,77.26,0.3637308391789995,54.15003990422986,2021-07-01
2021,3,Mendoza,45.55,11.178911398584336,21.954484605087,2021-07-01
2021,3,Misiones,45.57,1.244167962674969,9.543269230769225,2021-07-01
2021,3,Neuquén,69.71,0.8244142319930425,6.851624770079701,2021-07-01
2021,3,Río Negro,61.97,0.048433968356476,8.62401402278703,2021-07-01
2021,3,Salta,55.96,1.875113781176041,6.95718654434252,2021-07-01
2021,3,San Juan,39.46,0.458248472505085,1.727249291054389,2021-07-01
2021,3,San Luis,79.87,-4.324389075227597,-0.1125562781390532,2021-07-01
2021,3,Santa Cruz,43.75,-0.5907748239036503,21.69680111265646,2021-07-01
2021,3,Santa Fe,75.02,-0.0666045024643624,4.021075984470324,2021-07-01
2021,3,Santiago Del Estero,47.0,0.9450171821305808,8.344859382203772,2021-07-01
2021,3,Tierra Del Fuego,94.95,39.85859478568272,23.61671657336284,2021-07-01
2021,3,Tucumán,54.64,-0.5279446568359769,2.6488822092804787,2021-07-01
2021,4,Buenos Aires,75.66,5.552455357142838,9.6839663670629,2021-10-01
2021,4,Capital Federal,111.27,0.0,2.7328963161296294,2021-10-01
2021,4,Catamarca,55.25,4.818819958262188,11.819469742967016,2021-10-01
2021,4,Chaco,44.05,2.5372439478584585,2.3704392284452647,2021-10-01
2021,4,Chubut,82.57,2.3045471440961363,20.804681784930512,2021-10-01
2021,4,Corrientes,45.51,1.358574610244978,7.259014847984901,2021-10-01
2021,4,Córdoba,84.51,3.973917322834653,8.235143442622949,2021-10-01
2021,4,Entre Ríos,63.16,1.576069475715669,6.204809147469304,2021-10-01
2021,4,Formosa,34.45,1.4428739693757464,6.03262542320715,2021-10-01
2021,4,Jujuy,56.92,2.208655054767461,6.47212869435092,2021-10-01
2021,4,La Pampa,89.57,6.276696725201703,9.5389507154213,2021-10-01
2021,4,La Rioja,77.92,0.8542583484338451,55.49790460985831,2021-10-01
2021,4,Mendoza,47.51,4.3029637760702455,22.98731555785658,2021-10-01
2021,4,Misiones,49.06,7.65854728988371,15.056285178236406,2021-10-01
2021,4,Neuquén,73.3,5.149906756562905,9.40298507462687,2021-10-01
2021,4,Río Negro,65.69,6.002904631273198,7.529873956457678,2021-10-01
2021,4,Salta,56.81,1.5189421015010751,5.125832716506307,2021-10-01
2021,4,San Juan,39.59,0.3294475418144982,9.003303964757725,2021-10-01
2021,4,San Luis,80.3,0.5383748591460957,-1.6895200783545672,2021-10-01
2021,4,Santa Cruz,43.05,-1.6000000000000014,16.35135135135135,2021-10-01
2021,4,Santa Fe,77.09,2.7592641962143505,4.770318021201425,2021-10-01
2021,4,Santiago Del Estero,47.05,0.1063829787234071,7.54285714285714,2021-10-01
2021,4,Tierra Del Fuego,98.4,3.633491311216441,29.015340238625956,2021-10-01
2021,4,Tucumán,55.93,2.3609077598828687,2.099306316173788,2021-10-01
2022,1,Buenos Aires,76.08,0.5551149881046769,10.085371147446098,2022-01-01
2022,1,Capital Federal,111.8,0.4763188640244387,3.11750599520384,2022-01-01
2022,1,Catamarca,58.21,5.357466063348415,19.03885480572598,2022-01-01
2022,1,Chaco,44.06,0.022701475595932,2.132591562355124,2022-01-01
2022,1,Chubut,88.05,6.636793024100762,27.62719234671691,2022-01-01
2022,1,Corrientes,47.64,4.68029004614372,11.673699015471172,2022-01-01
2022,1,Córdoba,85.76,1.4791148976452506,9.12329812953303,2022-01-01
2022,1,Entre Ríos,63.7,0.8549715009499748,5.393778954334882,2022-01-01
2022,1,Formosa,34.96,1.4804063860667682,6.813321112129556,2022-01-01
2022,1,Jujuy,58.06,2.002810962754742,4.368146683444185,2022-01-01
2022,1,La Pampa,91.66,2.333370548174618,12.081193445830271,2022-01-01
2022,1,La Rioja,78.77,1.0908624229979402,58.140935555109394,2022-01-01
2022,1,Mendoza,48.74,2.588928646600719,24.495530012771404,2022-01-01
2022,1,Misiones,49.04,-0.0407664084794201,13.597405605744717,2022-01-01
2022,1,Neuquén,74.17,1.1869031377899075,10.966487133453027,2022-01-01
2022,1,Río Negro,67.04,2.055107322271277,10.118265440210262,2022-01-01
2022,1,Salta,56.11,-1.232177433550441,4.042277025774155,2022-01-01
2022,1,San Juan,43.55,10.002525890376337,11.495135688684057,2022-01-01
2022,1,San Luis,80.72,0.523038605230397,-0.6400787789266338,2022-01-01
2022,1,Santa Cruz,43.34,0.6736353077816615,4.057623049219705,2022-01-01
2022,1,Santa Fe,77.3,0.2724088727461327,4.572510822510822,2022-01-01
2022,1,Santiago Del Estero,47.17,0.2550478214665252,3.284431793299758,2022-01-01
2022,1,Tierra Del Fuego,98.29,-0.1117886178861771,27.071751777634145,2022-01-01
2022,1,Tucumán,57.39,2.610405864473453,4.68807004742795,2022-01-01
2022,2,Buenos Aires,77.58,1.971608832807581,10.828571428571433,2022-04-01
2022,2,Capital Federal,121.31,8.506261180679786,10.14163791538043,2022-04-01
2022,2,Catamarca,62.4,7.198075931970438,19.220481467329,2022-04-01
2022,2,Chaco,43.79,-0.6128007262823476,1.0616201246249624,2022-04-01
2022,2,Chubut,83.19,-5.519591141396929,15.07815742149674,2022-04-01
2022,2,Corrientes,48.35,1.4903442485306506,11.047312815801558,2022-04-01
2022,2,Córdoba,87.48,2.0055970149253755,9.186220668996503,2022-04-01
2022,2,Entre Ríos,63.9,0.3139717425431731,3.632825170288689,2022-04-01
2022,2,Formosa,43.42,24.199084668192228,30.66506169124288,2022-04-01
2022,2,Jujuy,57.32,-1.274543575611442,2.029191883232473,2022-04-01
2022,2,La Pampa,92.98,1.4401047348898244,13.27972709551657,2022-04-01
2022,2,La Rioja,80.14,1.739240827726296,4.10496232787736,2022-04-01
2022,2,Mendoza,49.39,1.3336068937217949,20.551623138882125,2022-04-01
2022,2,Misiones,51.0,3.996737357259384,13.30815374361254,2022-04-01
2022,2,Neuquén,80.02,7.887285964675739,15.736187445762218,2022-04-01
2022,2,Río Negro,67.85,1.208233890214783,9.541491766225384,2022-04-01
2022,2,Salta,57.54,2.5485653181251067,4.751501911523759,2022-04-01
2022,2,San Juan,49.46,13.57060849598164,25.91649694501019,2022-04-01
2022,2,San Luis,81.76,1.288404360753237,-2.060373742213706,2022-04-01
2022,2,Santa Cruz,43.15,-0.4383940932164432,-1.9541013406044083,2022-04-01
2022,2,Santa Fe,77.9,0.7761966364812523,3.769814839483177,2022-04-01
2022,2,Santiago Del Estero,47.7,1.1235955056179805,2.448453608247414,2022-04-01
2022,2,Tierra Del Fuego,99.86,1.5973140706073696,47.09088230961851,2022-04-01
2022,2,Tucumán,59.31,3.345530580240452,7.973784817039875,2022-04-01
2022,3,Buenos Aires,78.11,0.6831657643722622,8.970424107142838,2022-07-01
2022,3,Capital Federal,122.28,0.799604319512004,9.894850363979524,2022-07-01
2022,3,Catamarca,65.33,4.695512820512815,23.94232593435781,2022-07-01
2022,3,Chaco,43.86,0.1598538479104849,2.0949720670391025,2022-07-01
2022,3,Chubut,84.38,1.4304603918740222,4.547144096146694,2022-07-01
2022,3,Corrientes,48.21,-0.2895553257497463,7.371937639198234,2022-07-01
2022,3,Córdoba,88.31,0.9487882944672954,8.649114173228355,2022-07-01
2022,3,Entre Ríos,63.67,-0.3599374021909129,2.3962688967513746,2022-07-01
2022,3,Formosa,43.76,0.7830492860432914,28.857479387514708,2022-07-01
2022,3,Jujuy,58.91,2.7739009071877208,5.782007541748957,2022-07-01
2022,3,La Pampa,96.59,3.8825553882555486,14.606074988134798,2022-07-01
2022,3,La Rioja,80.66,0.6488644871474936,4.400724825265323,2022-07-01
2022,3,Mendoza,51.03,3.320510224741846,12.03073545554336,2022-07-01
2022,3,Misiones,51.82,1.6078431372549051,13.71516348474875,2022-07-01
2022,3,Neuquén,80.37,0.437390652336922,15.29192368383303,2022-07-01
2022,3,Río Negro,67.98,0.1915991156963947,9.698241084395676,2022-07-01
2022,3,Salta,57.76,0.3823427181091299,3.216583273766971,2022-07-01
2022,3,San Juan,50.8,2.709260008087333,28.73796249366447,2022-07-01
2022,3,San Luis,81.74,-0.024461839530343,2.3413046200075005,2022-07-01
2022,3,Santa Cruz,43.19,0.0926998841251469,-1.2800000000000034,2022-07-01
2022,3,Santa Fe,78.55,0.834403080872903,4.705411890162625,2022-07-01
2022,3,Santiago Del Estero,47.98,0.5870020964360512,2.085106382978718,2022-07-01
2022,3,Tierra Del Fuego,99.51,-0.3504906869617352,4.80252764612954,2022-07-01
2022,3,Tucumán,61.14,3.08548305513403,11.896046852122977,2022-07-01
